seq_id	type	start	end	strand	match	pattern	tags
CP088113	gene	683216	684355	1	ccm	(?^i:\bccm[A-Z]*\b)	gene=ccmI,locus_tag=SmelRRI128_03305
CP088113	CDS	683216	684355	1	ccm	(?^i:\bccm[A-Z]*\b)	codon_start=1,gene=ccmI,inference=COORDINATES: similar to AA sequence:RefSeq:WP_018094556.1,locus_tag=SmelRRI128_03305,note=Derived by automated computational analysis using gene prediction method: Protein Homology.,product=c-type cytochrome biogenesis protein CcmI,protein_id=UFX08967.1,transl_table=11,translation=MLFWILVAILTAAVAAVLLLPLMRAAEPLPSRHSHDIEVYRDQLGELARDREAGLIGSEEAELARAEIARRMLAASAADQAVAERTPKRLLSNRLAQAFIFLCLPAVGLCLYLTTGSPGVPAQPLAARLADPGDDVNILIAKAENHLALNPQDGAGWDLLAPIYMRHGRLDDAVAAYDRAIRLLGPTPARMGGYAEALVAQAGGLVTAEAQNALQKALALDPDDPRSAFYLALGLKQEGKHAEALAAFRKLAESSPADAPWLSLVNQHIAELAAAPAGPAAPGNPAPGDIAAAKEMNAGDRQAMIRGMVDSLASRLKEDPANLEGWMRLVRSYVVLDQRDRAKDALHDGLRAFPATGEQGKQLLALARELGIDAGGEAE
CP088113	gene	684352	684804	1	ccm	(?^i:\bccm[A-Z]*\b)	gene=ccmE,locus_tag=SmelRRI128_03310
CP088113	CDS	684352	684804	1	ccm	(?^i:\bccm[A-Z]*\b)	codon_start=1,gene=ccmE,inference=COORDINATES: similar to AA sequence:RefSeq:WP_011974836.1,locus_tag=SmelRRI128_03310,note=Derived by automated computational analysis using gene prediction method: Protein Homology.,product=cytochrome c maturation protein CcmE,protein_id=UFX08968.1,transl_table=11,translation=MTRKQKRLAIIGGGVAFLTAAVLLVMFAFSQAVAYFYVPGDLAKADVAPGTRIRLGGLVEAGSVKRGEGRTITFTVTDTLATVPVTYTGILPDLFREGQGVVAEGAFVGGSPVFVADTVLAKHDETYMPKDVADRLKAQGVTLGGEENIR
CP088113	CDS	684801	686831	1	ccm	(?^i:\bccm[A-Z]*\b)	codon_start=1,inference=COORDINATES: similar to AA sequence:RefSeq:WP_015007344.1,locus_tag=SmelRRI128_03315,note=Derived by automated computational analysis using gene prediction method: Protein Homology.,product=heme lyase CcmF/NrfE family subunit,protein_id=UFX08969.1,transl_table=11,translation=MIIELGHYALVLALATAIIQGVLPVLGVRRGDPSLMGLAANAALVCFLLVAFSFAVLTFAYVTSDFSVKNVWENSHSLKPLIYKITGVWGNHEGSMLLWLLILVFFSAMVALFGRNLPETLKANVLAVQAWIATAFAFFVLLTSNPFARLVPAPGEGRDLNPVLQDIGLAIHPPLLYLGYVGFSVCFSFAVAALIEGRIDAAWARWVRPWTLAAWTFLTAGIAMGSYWAYYELGWGGWWFWDPVENASFMPWLAGTALLHSALVMEKREALKIWTVLLAIMTFSLSLLGTFLVRSGVLTSVHAFATDPTRGVFILAILVVFIGGAFSLFAFRASHLKAGGIFAPVSREGALVVNNLILTTATATVLTGTLYPLVLEALTGDKISVGAPFFNMTFGLLMLPLIAVVPFGPLLAWKRGDLAGAAQRLFAAAALGLLAAAICYYALNGGPVLAPFGLGLGVYLILGALTDLVLRSGLGKVAAGVAWRRLSGLPRSAFGTALAHIGLGITLIGIVTVTAFETETVVEMKPGAVVDVGRYSLRFDGMREGRGPNYTEDVGHFTVSRGGVEVTEIWSSKRLYSARRMPTTEAGIRTFGLSQLYVSLGDDMADGGIVVRIWWKPLILCIWGGALVMMAGGVVSLSDRRLRVGAPARARKALALDHDDFRSDRPKIINVIDSKG
CP088113	CDS	686892	687347	1	ccm	(?^i:\bccm[A-Z]*\b)	codon_start=1,inference=COORDINATES: similar to AA sequence:RefSeq:WP_011974838.1,locus_tag=SmelRRI128_03320,note=Derived by automated computational analysis using gene prediction method: Protein Homology.,product=cytochrome c-type biogenesis protein CcmH,protein_id=UFX08970.1,transl_table=11,translation=MIRLLIALFLLLASVAPGFAVNPDEVLADPALEARARAISAQLRCMVCQNQSIDDSNAELAKDLRLLVRERLKNGDSDEAVISYVVSRYGEFVLLNPRLEAKTLVLWGMPAILLVAGIITLVVAARRRGARVPGAPLSDEEKERLDRLLRP
CP088113	gene	1258380	1259186	1	exo	(?^i:\bexo[A-Z]?\b)	gene=exoR,locus_tag=SmelRRI128_06225
CP088113	CDS	1258380	1259186	1	exo	(?^i:\bexo[A-Z]?\b)	codon_start=1,gene=exoR,inference=COORDINATES: similar to AA sequence:RefSeq:WP_003534542.1,locus_tag=SmelRRI128_06225,note=Derived by automated computational analysis using gene prediction method: Protein Homology.,product=two-component system ChvIG regulator ExoR,protein_id=UFX09524.1,transl_table=11,translation=MRAGELKSLRVAVLGMSLAVGATAAGPARAFDPGAGVTKESGPFALFKFGFSAYKSGRKDEAVEAYRYAAEKGHTGSRWALANMYAYGDGVAENDLEAFKIYSEIAQQGVEPGSEDTGYFVNALISLAGYYRRGIPDTPVRSDLSQARQLYFQAASTFGVAEAQFQLARMLLSGEGGSVNVQQAKKWLNRARKNGHAGAMGVFGNVIFQEGQTARGLAYMTAALGQCSPKDRPWLQAMQEQAFSLATEDDRRVAITMSQNMHLQNDDD
CP088113	gene	3200843	3201466	1	ccm	(?^i:\bccm[A-Z]*\b)	gene=ccmA,locus_tag=SmelRRI128_15660
CP088113	CDS	3200843	3201466	1	ccm	(?^i:\bccm[A-Z]*\b)	EC_number=7.6.2.5,codon_start=1,gene=ccmA,inference=COORDINATES: similar to AA sequence:RefSeq:WP_003529713.1,locus_tag=SmelRRI128_15660,note=Derived by automated computational analysis using gene prediction method: Protein Homology.,product=heme ABC exporter ATP-binding protein CcmA,protein_id=UFX07884.1,transl_table=11,translation=MRLMAEGLSARRGEDLIFNDISFALAAGEALVVTGPNGAGKSTLLRVLAGLLEPEGGRVRLEDGPSGFEHPRELSHYLGHRNAMKRELTVEENLTFWQRFLGDSPGGSGIGLVEAAEAVGLADIIHLPFGYLSAGQQRRMAMAKLIVAFRPIWLLDEPTAALDLSADRLFAGLVAAHLDRGGIVVAATHQPLGFAGAKSLEMTGFVH
CP088113	gene	3201463	3202122	1	ccm	(?^i:\bccm[A-Z]*\b)	gene=ccmB,locus_tag=SmelRRI128_15665
CP088113	CDS	3201463	3202122	1	ccm	(?^i:\bccm[A-Z]*\b)	EC_number=7.6.2.-,codon_start=1,gene=ccmB,inference=COORDINATES: similar to AA sequence:RefSeq:WP_003589746.1,locus_tag=SmelRRI128_15665,note=Derived by automated computational analysis using gene prediction method: Protein Homology.,product=heme exporter protein CcmB,protein_id=UFX07885.1,transl_table=11,translation=MIALFFRDLKLSVRAGGGAMIGVLFFMTVVAVIPFGVGPDLNLLARIGPAILWIGALLASLLGLDRLFQAEREDGSLDLIMMQETPLLLAVLVKCAAHWTATGLPLVIASPFLGLFMNMDEGAIGATMVTLLAGTPAITFIGAVGAAVAVALPRGGLLVSILVLPLAIPVLIFGVSAVYAAIEDPAPFLPPFMILMAITLFFAVIGPVAAAAALRHSAD
CP088113	gene	3202949	3203125	1	ccm	(?^i:\bccm[A-Z]*\b)	gene=ccmD,locus_tag=SmelRRI128_15675
CP088113	CDS	3202949	3203125	1	ccm	(?^i:\bccm[A-Z]*\b)	EC_number=7.6.2.-,codon_start=1,gene=ccmD,inference=COORDINATES: similar to AA sequence:RefSeq:WP_018097399.1,locus_tag=SmelRRI128_15675,note=Derived by automated computational analysis using gene prediction method: Protein Homology.,product=heme exporter protein CcmD,protein_id=UFX07887.1,transl_table=11,translation=MMSHAAYVVASYAVAAATVAGLILWVLTDGRARRRELQQLEAAGIRRRSAAGPAGGGK
CP088114	CDS	498600	499982	1	nod	(?^i:\bnod[A-Z]*\b)	codon_start=1,inference=COORDINATES: similar to AA sequence:RefSeq:WP_015242952.1,locus_tag=SmelRRI128_20370,note=Derived by automated computational analysis using gene prediction method: Protein Homology.,product=nodulation protein NfeD,protein_id=UFX11295.1,transl_table=11,translation=MARILILLFSLLSAFAFPVTPVPGAERTALVLHVNGAISPAAAEYVTRGLQQARDRGAALVVLQMDTPGGLDTSMRDIIRAILDSPVPVASFVSPSGARAASAGTYILYASHIAAMAPGTNLGAATPIAIGGGLFGNDEQEGEEKPGDPDKPEPRKPANAGEAKLINDAVAYIRGLAELRNRNVDWAERAVREAASLSSAAAAREQVIDFTAVSVDDLLKQAHGRAVRIGQSDVRLDTSGLAIEDLPPDWRTRLLSVITNPNVALLLMMVGIYGLIFEFLAPGTVVPGTIGGISLLLGLYALAVLPVSYAGVGLILLGAGLLVAEAHAPSFGVLGLGGTVALVLGAAILFDTDMPGLQVSWPALSGIAIASLAFSLLVARLALVSRRHKVATGAEEMIGISGKVDSWAGADGYVIAHGERWRAVSSESLGPGEDVMVVGREGLTLKVARNAAPGGDGDRS
CP088114	gene	532913	535273	-1	exo	(?^i:\bexo[A-Z]?\b)	gene=exoP,locus_tag=SmelRRI128_20505
CP088114	CDS	532913	535273	-1	exo	(?^i:\bexo[A-Z]?\b)	codon_start=1,gene=exoP,inference=COORDINATES: similar to AA sequence:RefSeq:WP_010975922.1,locus_tag=SmelRRI128_20505,note=Derived by automated computational analysis using gene prediction method: Protein Homology.,product=succinoglycan biosynthesis transport protein ExoP,protein_id=UFX11321.1,transl_table=11,translation=MNRTAPMKQRSVPLSSIMPSEEQSDGFIDLDRLVAAVFRRARLVAAFVVLFIALGAAYLLFATPYYTSMTQILLDENLSKYAEEEPTPVNSQMLDTQIASAVEILKSGELALRVVDKLKLSENDTILNPPRSPVDMVKEWLKTATGLFSGGPDVTEEAARNGRRQKAAAIIQQSLAVERVSRSSVVAVAFRSSDPLLAATIARGYASAYLTDQLNANFEATERASVWLQERLTDLQQRSQAAALEVAHFRAENGLTAARGELMSEQQMADLNSQLIVAQADTASASARYDQYKSIVDQGPENAVKNATISSKEGDNSVIRDLRTRYLTVGKREREVSDNFGADHPQAVSLRAEQEDVARQIYQELQQLTASYKNEYEVAQSREESLRKSIQGIAGKTSDASEQLVQLRELEQKAAALKTLYESYLGRYEQATQQQSFPIAKARVISEAGVPVSPSSPKKTMTLALSAVLGMMVGGAYAAFLEFRERTFRLEGDIRSILGHRSLGYVPLLGTRMKKKAQLVHAHFGSVKRHDEAVDDTMPFQRLSRIVVDAPRSTFAETFRNAKLACDQMLAGSESRVIAIASALPDEGKSIIAANFAALLAASGKRTLLIDADIRKPGLTQMITPAPRTGLVETLIGEASWPAGIKVDQRTKLAILPAGGASHQRHQSNELLASPAMANLIENARNAFDYVVVDLAALAPVVDAKAFAPLADGILFVVEWGRTPSRLVRDLLHSEPLINSKVLGVILNKTDMNELGKYSDFDGAEKYRHRYGKYYVENTITENTAA
CP088114	gene	536238	537284	-1	exo	(?^i:\bexo[A-Z]?\b)	gene=exoO,locus_tag=SmelRRI128_20515
CP088114	CDS	536238	537284	-1	exo	(?^i:\bexo[A-Z]?\b)	codon_start=1,gene=exoO,inference=COORDINATES: similar to AA sequence:RefSeq:WP_010975920.1,locus_tag=SmelRRI128_20515,note=Derived by automated computational analysis using gene prediction method: Protein Homology.,product=succinoglycan biosynthesis glycosyltransferase ExoO,protein_id=UFX11323.1,transl_table=11,translation=MNPPAIDKVPDVTFVVAAYNSADTIVRAIESALAQEGVTVEVVVVDDCSADATPALVAAIPDPRVRLIALDRNRGPGGARNAGIGAARGRWIAVLDSDDTVRPDRLRRMIERADAAGAQIAVDNLDVVSLDGRSLRMFSEAELARLPQLTLPAFIESNVLFRSEHNFGYMKPIFERRFLENQQLRFDEALRIGEDYILLASALACGGRCAVEPSAGYIYHIREGSISRVLRLDHIDAMIAADEAFLRRYALDGLAQKMQHRRMRGFREARSFLVLVEQLKKRSLAGALKTALADPFALRHLSMPIAARLRRLAARFVHPSSHSAPRAAPVTAAAERSPLGNDPRISKG
CP088114	gene	537281	538210	-1	exo	(?^i:\bexo[A-Z]?\b)	gene=exoM,locus_tag=SmelRRI128_20520
CP088114	CDS	537281	538210	-1	exo	(?^i:\bexo[A-Z]?\b)	codon_start=1,gene=exoM,inference=COORDINATES: similar to AA sequence:RefSeq:WP_010975919.1,locus_tag=SmelRRI128_20520,note=Derived by automated computational analysis using gene prediction method: Protein Homology.,product=succinoglycan biosynthesis glycosyltransferase ExoM,protein_id=UFX11324.1,transl_table=11,translation=MPNETLHIDIGVCTYRRPELAETLRSLAAMNVPERARLRVIVADNDAEPSARALVEGLRPEMPFDILYVHCPHSNISIARNCCLDNSTGDFLAFLDDDETVSGDWLTRLLETARTTGAAAVLGPVRAHYGPTAPRWMRSGDFHSTLPVWAKGEIRTGYTCNALLRRDAASLLGRRFKLSLGKSGGEDTDFFTGMHCAGGTIAFSPEAWVHEPVPENRASLAWLAKRRFRSGQTHGRLLAEKAHGLRQAWNIALAGAKSGFCATAAVLCFPSAARRNRFALRAVLHAGVISGLLGLKEIEQYGAREVTSA
CP088114	gene	538210	539202	-1	exo	(?^i:\bexo[A-Z]?\b)	gene=exoA,locus_tag=SmelRRI128_20525
CP088114	CDS	538210	539202	-1	exo	(?^i:\bexo[A-Z]?\b)	codon_start=1,gene=exoA,inference=COORDINATES: similar to AA sequence:RefSeq:WP_004434899.1,locus_tag=SmelRRI128_20525,note=Derived by automated computational analysis using gene prediction method: Protein Homology.,product=succinoglycan biosynthesis glycosyltransferase ExoA,protein_id=UFX11325.1,transl_table=11,translation=MSSDELTSTSSLIVIPCLNEASHIEALIEKLRPSLTPLNARVVIADGGSTDGTREIARRLATEDPRVLFLDNPKRIQSAAVNRAVAELGAGSDYLIRIDAHGTYPDDYCERLVEDALATGADSVVVAMQTVGFSTFQKATAFAQNSKLGNGGSKHRTGAVGHWAEHGHHALMRIEAFKAVGGYDESFSHNEDAELDYRLGKAGYRIWMTDKTSMVYYPRAKLVPLFWQYFGYGRGRAKNFLKHRAMPGLRQMLPLAVAPIAFGALLAIVNWMAVVPVGVWAAACLGYGVWMALGQRNPYGPLAAVAAMVMHLAWSAGFWRELLDFRRRVA
CP088114	gene	539199	540410	-1	exo	(?^i:\bexo[A-Z]?\b)	gene=exoL,locus_tag=SmelRRI128_20530
CP088114	CDS	539199	540410	-1	exo	(?^i:\bexo[A-Z]?\b)	codon_start=1,gene=exoL,inference=COORDINATES: similar to AA sequence:RefSeq:WP_010975918.1,locus_tag=SmelRRI128_20530,note=Derived by automated computational analysis using gene prediction method: Protein Homology.,product=succinoglycan biosynthesis glycosyltransferase ExoL,protein_id=UFX11326.1,transl_table=11,translation=MLQILYLAQDLADPAVRRRTLTLVAGGARVTLAGFRRGDNPLAAIDGVEPIELGTTADGRFAQRIGAVARACLSLQRQLGHVRKPDVIIARNLEMLAVARRAVAFFGGTVPIVYECLDIHRLMLRKDIVGRMLRAAESQLGKDARLLITSSPAFIEHYFRPLSGIGAPPMLLENKVLEIDGTVERRTASPAKSPPPGAPWKIGWFGALRCRRSLALLAEFSRKMEGRFEIVLRGRPAYSEFDDFDGFVRNEPFMRFEGAYRNPEDLAEIYGEVHFTWAIDFFEEGQNSAWLLPNRLYEGCRHGRIPIAMKGTETARFLSVRSIGLVLEGADVESLATVLGPLTPNCYADAAERISRCNPGSWVFDRTDCEALVRQLATLTLQAPQTVPVVAMAGSSHKEGGFL
CP088114	gene	540506	541315	-1	exo	(?^i:\bexo[A-Z]?\b)	gene=exoK,locus_tag=SmelRRI128_20535
CP088114	CDS	540506	541315	-1	exo	(?^i:\bexo[A-Z]?\b)	EC_number=3.2.1.-,codon_start=1,gene=exoK,inference=COORDINATES: similar to AA sequence:RefSeq:WP_010975917.1,locus_tag=SmelRRI128_20535,note=Derived by automated computational analysis using gene prediction method: Protein Homology.,product=endo-1,3-1,4-beta-glycanase ExoK,protein_id=UFX11327.1,transl_table=11,translation=MTIDRYRRFARLAFIATLPLAGLATAAAAQEGANGKSFKDDFDTLDTRVWFVSDGWNNGGHQNCTWSKKQVKTVDGILELTFEEKKVKERNFACGEIQTRKRFGYGTYEARIKAADGSGLNSAFFTYIGPADKKPHDEIDFEVLGKNTAKVQINQYVSAKGGNEFLADVPGGANQGFNDYAFVWEKNRIRYYVNGELVHEVTDPAKIPVNAQKIFFSLWGTDTLTDWMGTFSYKEPTKLQVDRVAFTAAGDECQFAESVACQLERAQSE
CP088114	gene	541321	542433	-1	exo	(?^i:\bexo[A-Z]?\b)	gene=exoH,locus_tag=SmelRRI128_20540
CP088114	CDS	541321	542433	-1	exo	(?^i:\bexo[A-Z]?\b)	codon_start=1,gene=exoH,inference=COORDINATES: similar to AA sequence:RefSeq:WP_010975916.1,locus_tag=SmelRRI128_20540,note=Derived by automated computational analysis using gene prediction method: Protein Homology.,product=succinoglycan biosynthesis protein ExoH,protein_id=UFX11557.1,transl_table=11,translation=MDANVSARINLMRILLISGIVFVHVPYNPQWSPFLGNYGMLDWLRVFLGESLFRIGVPCLSAISGYLLFRRGLADFDYWKTLKTKARTVLLPFLIWSGSFFVVVYAIQRQGLGFGYLPDTINATPRQWLSMAFAVEATPVNLPLYFLRDLMLCILLSPLLALLVSRYPRVTLLALLAYAILPLPNGIFLKKSILFGFSAGIYASLHGVNIKMLDRFAAPIAAGFLAIAVVIAVGLYYTGPDFPLWLDMALRLTSIAGIIGSWAISELLVRTRFGEKLGRGSGLSFWIFCGHYPLLVLFWMIWNRTGLSYYPLFYFTAPFIAIAILVASHNLVRRLAPDLLAVLTGSRTGAKRMATQPPQGAQAGYSPQQR
CP088114	gene	543323	543898	-1	exo	(?^i:\bexo[A-Z]?\b)	gene=exoI,locus_tag=SmelRRI128_20550
CP088114	CDS	543323	543898	-1	exo	(?^i:\bexo[A-Z]?\b)	codon_start=1,gene=exoI,inference=COORDINATES: similar to AA sequence:RefSeq:WP_010975913.1,locus_tag=SmelRRI128_20550,note=Derived by automated computational analysis using gene prediction method: Protein Homology.,product=succinoglycan biosynthesis protein ExoI,protein_id=UFX11329.1,transl_table=11,translation=MTRIKSAVAAGGRRAPHSARLGSASTRTIGAVLAALLMTHDAGAAEPIIGQASVIDGDTIEIAGERVQLNSVDAPEEWQVCLDERGADYRCGKESASALDAFLSASRPTRCEFAGHDRYGRFVGTCFRADGKDVNRWLIESGNAVDRDTDNKGLYASAQQTAKSNGAGIWRAQPEHACAARVGRVNRKPSC
CP088114	gene	544276	545760	-1	exo	(?^i:\bexo[A-Z]?\b)	gene=exoT,locus_tag=SmelRRI128_20560
CP088114	CDS	544276	545760	-1	exo	(?^i:\bexo[A-Z]?\b)	codon_start=1,gene=exoT,inference=COORDINATES: similar to AA sequence:RefSeq:WP_010975911.1,locus_tag=SmelRRI128_20560,note=Derived by automated computational analysis using gene prediction method: Protein Homology.,product=succinoglycan biosynthesis transport protein ExoT,protein_id=UFX11331.1,transl_table=11,translation=MTPTVNAKTVTRNVGWSVLSKTGTFGLKFVTVPILARILSPEEFGAVAVALTVVQFLAMIGGAGLTSALVIQQDEEMETVHSVFWANLAIALVMALGLFVFAEPLATLLGAPEAAYLLRIMSLLIPLQLGGDVAYSLLVRRMNFRKDAVWSMISESLGAVIAVLLALLGFGIWSLLAQLFVSALVRLSGLYAVSRYAPRFVFSLQRVLALSRFSFGMMGSEIANFMTFQSPMVVISRYLGLSDAGAYSAANRFASIPNQVVLSAVMGVLFPTFGQMMHDRERRSQALMLSTQVTTVLLAPMMFGLWALAEPAMLVLFGSQWAYAWPVLGLLALSKGILTPCSTFIPYLKGVGQGAVLFWWALIRAVATTGAVAYGAIDGSLVEAMIWLCIVNAVTLVGYSWVVFRADSTPFLKGLFISSRPMIAALLMALVVRFLLEHFGAHVPNAVLQLIAGTAIGSVIYTVLILLTERSLLRRLLDMARARKPRAAPAGAAE
CP088114	gene	545885	546844	1	exo	(?^i:\bexo[A-Z]?\b)	gene=exoW,locus_tag=SmelRRI128_20565
CP088114	CDS	545885	546844	1	exo	(?^i:\bexo[A-Z]?\b)	codon_start=1,gene=exoW,inference=COORDINATES: similar to AA sequence:RefSeq:WP_004434930.1,locus_tag=SmelRRI128_20565,note=Derived by automated computational analysis using gene prediction method: Protein Homology.,product=succinoglycan biosynthesis glycosyltransferase ExoW,protein_id=UFX11332.1,transl_table=11,translation=MAKLTVVIPYYQKEPGILRRALASVFAQTLEDFHVLVIDDESPYPIADELAGLAQEERERITVIRQPNGGPGGARNTGLDNVPADSDFVAFLDSDDVWTPDHLLNAYQSMTRFDADCYWASITGGDAFYYHFGVADLEKSETVTRLSESPLVVELPELQDVMLKNWSFLHMSCMVIGRKLFEKVRFEATLKLAAEDVLFFCDCVLASKRVVLCDAAGAVRGEGLNIFHSIDNDSPQFLKQQFNTWVALDTLEGRYRNRPKAMEAIRSYKHTARRQALWSQARRIKRRKLPQFDLLARWLWRDPRLIGSAAELAVGKLSR
CP088114	gene	546958	547908	1	exo	(?^i:\bexo[A-Z]?\b)	gene=exoV,locus_tag=SmelRRI128_20570
CP088114	CDS	546958	547908	1	exo	(?^i:\bexo[A-Z]?\b)	codon_start=1,gene=exoV,inference=COORDINATES: similar to AA sequence:RefSeq:WP_010975910.1,locus_tag=SmelRRI128_20570,note=Derived by automated computational analysis using gene prediction method: Protein Homology.,product=succinoglycan biosynthesis protein ExoV,protein_id=UFX11333.1,transl_table=11,translation=MKPYYWESQHGNFGDDLNLWLWDFLLPGFREVHPETLLVGVGTVLNRALLPEATHKLVIGSGFGYGTLPDMRDPKEWDIRSVRGPLTAAKVGVAPELGIIDPAVMVADLPEFQGLRKIYKRSFVPHWESAIAGLWPAICDATGLNYIDPRGEAKDVIRKIGQSELIVAESMHGAILADAFRVPWTAVSTSHSINSFKWNDWAQTLGVTYRPRRVPVSTRAEAMIKGARFWGMDFQAKEPQPEDPNRRQIDGDLAVAEREPRQTSLRAAAKRALAAPATLALWQASRAAPQLSKDNALAERKERFRTVLDGIRRDYF
CP088114	gene	547899	548927	-1	exo	(?^i:\bexo[A-Z]?\b)	gene=exoU,locus_tag=SmelRRI128_20575
CP088114	CDS	547899	548927	-1	exo	(?^i:\bexo[A-Z]?\b)	codon_start=1,gene=exoU,inference=COORDINATES: similar to AA sequence:RefSeq:WP_010975909.1,locus_tag=SmelRRI128_20575,note=Derived by automated computational analysis using gene prediction method: Protein Homology.,product=succinoglycan biosynthesis glycosyltransferase ExoU,protein_id=UFX11334.1,transl_table=11,translation=MTAAAPTDVCIIIAAKNAADTIARAIASALAEPETAEVVVIDDGSTDDSASVARAADDGTGRLKVVRFEENRGPAAARNHAIAISHSPLIGVLDADDFFFPGRLGQLLSQDGWDFIADNIAFIDAAQAANAHGSIDRFAPSPRLIDLVGFVEGNISRRGVRRGEIGFLKPLMRRTFLDQRDLRYNETLRLGEDYDLYARALANGARFKIIRSCGYAAIVRGNSLSGSHRTTDLKRLYEADRAILAGSRLSSDAEAAVRRHERHIRDRYELRHFLDLKNQQGFGRAIGYALTHPAALPAIIGGILADKTERFRPSGSPAPVALGGKGDVRYLLETLAVDQPQK
CP088114	gene	549063	549359	-1	exo	(?^i:\bexo[A-Z]?\b)	gene=exoX,locus_tag=SmelRRI128_20580
CP088114	CDS	549063	549359	-1	exo	(?^i:\bexo[A-Z]?\b)	codon_start=1,gene=exoX,inference=COORDINATES: similar to AA sequence:RefSeq:WP_010975908.1,locus_tag=SmelRRI128_20580,note=Derived by automated computational analysis using gene prediction method: Protein Homology.,product=exopolysaccharide production repressor ExoX,protein_id=UFX11335.1,transl_table=11,translation=MFAPRVFLSMIGALAAFAVATYYLNGSLASTAIQTLICAVLIQVGYFIAVLFLVWKEARERRRLSSQKQFVTAEAANDEKQPGKVSLRRLNRPHHLNS
CP088114	gene	550132	550812	1	exo	(?^i:\bexo[A-Z]?\b)	gene=exoY,locus_tag=SmelRRI128_20585
CP088114	CDS	550132	550812	1	exo	(?^i:\bexo[A-Z]?\b)	codon_start=1,gene=exoY,inference=COORDINATES: similar to AA sequence:RefSeq:WP_010975907.1,locus_tag=SmelRRI128_20585,note=Derived by automated computational analysis using gene prediction method: Protein Homology.,product=exopolysaccharide production protein ExoY,protein_id=UFX11336.1,transl_table=11,translation=MKSATRSASSPFFIPEETGAVRPIGGMAKRSFDVLAASVALLLFSPLFLLIMALVKFSDGGSVFYGHRRIGHNGQSFKCLKFRTMMEKGDEVLEEFFRINPDAYEEWRATRKLQNDPRVTVVGAVLRKLSLDELPQLLNIIRGEMSVVGPRPVVEDELELYDSAAVFYLRSRPGLTGLWQISGRNDVSYATRVAFDTQYVQNWSLFADLVIVFKTIPAVCLSRGSY
CP088114	gene	550865	552130	1	exo	(?^i:\bexo[A-Z]?\b)	gene=exoF,locus_tag=SmelRRI128_20590
CP088114	CDS	550865	552130	1	exo	(?^i:\bexo[A-Z]?\b)	codon_start=1,gene=exoF,inference=COORDINATES: similar to AA sequence:RefSeq:WP_010975906.1,locus_tag=SmelRRI128_20590,note=Derived by automated computational analysis using gene prediction method: Protein Homology.,product=exopolysaccharide production protein ExoF,protein_id=UFX11337.1,transl_table=11,translation=MQSNRRSGKSAGSRMVSCFTRLALLAALAASGASLARADEYRLGVMDKLRVRVAEWQTAEGAVRDWSAVSGDYTVGPSGSLSLPFVGDLPASGKTTSEVAEEIGVKMQKLFGLRDRPSASVEMAQYRPVYLSGEVQTPGEYPYAPNLTVLKAVSLGGGLRRADNGQRFARDYINASGESAVQVAERSRLLIRRARLLAEIGKRDTIPMPEELKNVPDAEKLLDSETALMESRDKRQKRQLDALADLRSLLQSEIEALAKKAETQARQLELATEDRDKVDSLAEKGLALSQRKLSLEQRVADVQASLLDIDTASLKAKQDASKAAQDETNLRNDWDAQLAQELQNTEAELDTLTLKLGTSRDLMTEALLQSADAAQLEEQAAEITYSIIRDKDGKPTEIAADENTPVLPGDVIKVNTALAMR
CP088114	gene	553442	554449	1	exo	(?^i:\bexo[A-Z]?\b)	gene=exoZ,locus_tag=SmelRRI128_20600
CP088114	CDS	553442	554449	1	exo	(?^i:\bexo[A-Z]?\b)	codon_start=1,gene=exoZ,inference=COORDINATES: similar to AA sequence:RefSeq:WP_004434950.1,locus_tag=SmelRRI128_20600,note=Derived by automated computational analysis using gene prediction method: Protein Homology.,product=exopolysaccharide production protein ExoZ,protein_id=UFX11339.1,transl_table=11,translation=MKTIHGIQYLRAAAAIAVVLFHAAEKTGHHFTIGAAGVDVFFVISGFIMWVISDRRSVTPVEFIADRARRIVPVYWLATGVMVAGALAGLFPNLVMTLEHVLASLFFVPARSPSSGEIWPVLVQGWTLNFEMLFYAVFAGSLFMPRNWRLPVVSGLFLALVIAGRVVAFDDAVMLTYTRPVILEFVAGMIIGEFWLKGRVPPLAVGSALFACSLGGFALIGVLGLPFDELTTGPLAVLLVIGVLSLEANGCVRALSLPGLLGDASYSIYLWHTFAISVVAKAGLAIGLGAPATMFAAVLSGTLIGIAAYMMLERPLLRRGRARRVTAGLAGRAAE
CP088114	gene	939640	941541	-1	nod	(?^i:\bnod[A-Z]*\b)	gene=nodQ,locus_tag=SmelRRI128_22235
CP088114	CDS	939640	941541	-1	nod	(?^i:\bnod[A-Z]*\b)	EC_number=2.7.1.25,EC_number=2.7.7.4,codon_start=1,gene=nodQ,inference=COORDINATES: similar to AA sequence:RefSeq:WP_017275910.1,locus_tag=SmelRRI128_22235,note=Derived by automated computational analysis using gene prediction method: Protein Homology.,product=bifunctional sulfate adenylyltransferase/adenylyl-sulfate kinase NodQ,protein_id=UFX10274.1,transl_table=11,translation=MSYVQSIPPHDIEAHLAEHDNKSILRFITCGSVDDGKSTLIGRLLYDAKLVFEDQLANLGRVGSPGAANGKEIDLALLLDGLEAEREQGITIDVAYRYFATSKRKFIVADTPGHEEYTRNMVTGASTADLAIILIDSRQGILQQTRRHSYIASLLGIRHVVLAVNKIDLVDFQQQVYEEIVADYMAFAKELGFASIRPIPISARDGDNVISASANTPWYRGAALLEYLETVELDPTDQAKPFRFPVQMVMRPNADFRGYAGQISCGRISVGDPVVVAKTGQRTSVKAIVTYDGELATAGEGEAVTLVLSDEVDASRGNMLVAPGARPFVADQFQAHVIWFDANPMMPGRSYILRTETDSVSATVTTLKHQVNINSFIREAAKSLQMNEVGVCNISTQAPIAFDAYKDNRATGNFIIVDRVTNATVGAGLIDFPLRRADNVHWHALEVNKSARSAMKNQLPAVLWFTGLSGSGKSTIANELDRILHAQGKHTYLLDGDNVRHGLNRDLGFTEEDRVENIRRVAEVAKLMADAGLIVLVSFISPFRDERRMARELMEEGEFIEIFVDTPLDECARRDPKGLYEKALAGKIANFTGVSSPYEAPENPELHIRTVGHEPTDLALAIEEFLDRRMEDK
CP088114	CDS	1499645	1500832	-1	exo	(?^i:\bexo[A-Z]?\b)	codon_start=1,inference=COORDINATES: similar to AA sequence:RefSeq:WP_014530825.1,locus_tag=SmelRRI128_24905,note=Derived by automated computational analysis using gene prediction method: Protein Homology.,product=exo-alpha-sialidase,protein_id=UFX10774.1,transl_table=11,translation=MTPDEIANAMTGKLRETGGGRLESLLPSPMVQNHAAFLHRLEDGSLVCAWFGGTLEGKSDISIFASVLAPDAAQWGEPQRLSFDAEHSEQNPVLFTAPDGRLWLFHTSQPSGNQDECRIRMAAIERDAADPTRLAASEGRYLDLPRGCFIRAPLVIRDDGAWLLPIFRCIQRPGQKWNGSHDNAAVGVSIDGGRSWQLADLNGSIGCVHMSPVRVGDTGYAAFFRRRQADQVYRVESVDGGRTWSLPAPTDVPNNNSSIAVVRLRDGRLAMICNPVNAALSADRRASLYDELGDDDGRPDADPSGGCVPIWGVPRAPVSVCLSADDGRTFPDRIAIEDGPGTCLSNNSTDGHNKEMSYPWLLEGHDGSLHVAYTYHRRAIKYVRLPPGWADEGRN
CP088115	gene	553089	553640	1	nod	(?^i:\bnod[A-Z]*\b)	gene=nodL,locus_tag=SmelRRI128_28065
CP088115	CDS	553089	553640	1	nod	(?^i:\bnod[A-Z]*\b)	codon_start=1,gene=nodL,inference=COORDINATES: similar to AA sequence:RefSeq:WP_010967405.1,locus_tag=SmelRRI128_28065,note=Derived by automated computational analysis using gene prediction method: Protein Homology.,product=nodulation acetyltransferase NodL,protein_id=UFX12592.1,transl_table=11,translation=MTRTQKEKMLAGEMYNAADPEIQADLLAAGAWLKRYNSTLGDSAEQWHLFLRERLGEVGPGAVIRPPFHCDYGFNISIGAHAYMNFNCVILDVAKVTIGDGTAIGPAVQIYTADHPDDPEQRQAGLQLGRPVRIGKHVWIGGGAIILPGVTIGDHAVVGAGSVVTRDVPAGAKVMGSPARVRG
CP088115	CDS	554030	555460	1	nod	(?^i:\bnod[A-Z]*\b)	codon_start=1,gene=noeA,inference=COORDINATES: similar to AA sequence:RefSeq:WP_010967406.1,locus_tag=SmelRRI128_28075,note=Derived by automated computational analysis using gene prediction method: Protein Homology.,product=nodulation protein NoeA,protein_id=UFX12594.1,transl_table=11,translation=MARMAESKLVAAAPRPGRVAGSFRDPSGQVFHFQDRILRTMDSAAAIEFASAERVMRQLVVEGRLVDFSDAEPSLHQLFQGSIARVLQHPLLEQITYPYEWSFAGLKAAALFHLQLQLDLLDQGFCLSDATAYNVQFEGSRPTFIDHLSIKPYRDGQLWYGHKQFCEQFLVPLLLRSVFDITHHSWYRGNLEGVPSADFVKLLSTRHWFSHKLFMHIILPAKLQSSRTSQTKVDLGDSRARRLPKDAFRAMLAQLYSWISGLKVDVGKQSVWQGYAANNTYTATQRSDKGQYVAEFVAQHKPRTIIDLGCNTGDFSYVALENGAEKAIGFDFDPHALDAAFDRSVQTSKNFLPLYLDARNPSPSQGWGERERQGFSSRFSADAVLALAFEHHLAIAHNVPLAEVVAWVTQVAPKGIIEFVPKEDETVRRMLAGREDIFSDYNEEAFASALSQKARLVRKHLIPGSKRTLYTFERSE
CP088115	CDS	555467	557128	1	nod	(?^i:\bnod[A-Z]*\b)	codon_start=1,gene=noeB,inference=COORDINATES: similar to AA sequence:RefSeq:WP_010967407.1,locus_tag=SmelRRI128_28080,note=Derived by automated computational analysis using gene prediction method: Protein Homology.,product=nodulation protein NoeB,protein_id=UFX12595.1,transl_table=11,translation=MKRIVLLLSPLVILLSPIIDAFQGVYIDPRSDAGYAVIACVAIIGLALGMIATVCYKRGAVGNVVTAGTLAVTLFLFGDLSYGVFWRLADHIGMGGAAALAFAGLVVLILILFKLMAAVPRMMAAFAVALLGSTVLDRGLITEASAEEPAPAVIYIVTDEMIGISGIDTRLPHGAEAKAALSRVFQKHGFRLHSKAFSRHILTQVSVPAALNMDYSYNFPGDRSHYAYPGEVTKFKELSLFNLWHRQGLSVNVFQSAHLDYCKTEALVDCHTFASFDGSRFIQRQRIEGGPYRDVPPASASLADVKALVEGNRQSLAMAAVGFVASNLLETKETALQEWHPRSYDQLAFPYWLGQFQNMILDKGRGNAFFAHFLFPHSPSVYNKDCKPTNRWVERSYLTEVRGLAGQELDEARVKEYGFYFAQTLCLAKQLDKFFNAVLSDKRFQDATIVVHGDHGSRISAGRNVETMSPRDYVDNYSALYAVRKPGVATGTDYKLRSVQWLNASLFRGNVSEVAPTVVGSMQGKSDDPAVYAPITDPDHVAIMPMHDFDASH
CP088115	gene	582525	583418	1	nifH	(?^i:\bnifH\b)	gene=nifH,locus_tag=SmelRRI128_28210
CP088115	CDS	582525	583418	1	nifH	(?^i:\bnifH\b)	EC_number=1.18.6.1,codon_start=1,gene=nifH,inference=COORDINATES: similar to AA sequence:RefSeq:WP_011970918.1,locus_tag=SmelRRI128_28210,note=Derived by automated computational analysis using gene prediction method: Protein Homology.,product=nitrogenase iron protein,protein_id=UFX12618.1,transl_table=11,translation=MAALRQIAFYGKGGIGKSTTSQNTLAALVDLGQKILIVGCDPKADSTRLILNAKAQDTVLHLAATEGSVEDLELEDVLKVGYRGIKCVESGGPEPGVGCAGRGVITSINFLEENGAYNDVDYVSYDVLGDVVCGGFAMPIRENKAQEIYIVMSGEMMALYAANNIAKGILKYAHAGGVRLGGLICNERQTDRELDLAEALAARLNSKLIHFVPRDNIVQHAELRKMTVIQYAPNSKQAGEYRALAEKIHANSGRGTVPTPITMEELEDMLLDFGIMKSDEQMLAELHAKEAKVIAPH
CP088115	CDS	595313	596293	1	nod	(?^i:\bnod[A-Z]*\b)	codon_start=1,gene=syrM,inference=COORDINATES: similar to AA sequence:RefSeq:WP_010967445.1,locus_tag=SmelRRI128_28265,note=Derived by automated computational analysis using gene prediction method: Protein Homology.,product=nod/exo genes transcriptional regulator SyrM,protein_id=UFX12625.1,transl_table=11,translation=MDQPTWKRPHRAKSTGVSDAAQQRQMPNLASIDLNLLVDLEALLQYRHITQAAQHVGRSQPAMSRALSRLRGMLKDDLLVAGSRGLVLTPLAECLTQMLPSVLDAIRQMMNLSLAPAQRRWKVTMAMPDHQAVVLLPHLLPRLHERAPHLDIVTDPLLGGALGLLEQGEIDVVVGQMGAAPLGYLRRRLYADSFTCVLRHNHPALAQEWTIEAFAALRHVAIASEPGELFGQIYDRLTKLGLQRGDPMVVSTVLTAAVLIAATDSVLVVPSRVATRVAAMLSLAVIPPPVELRPYEVALIWHERCHRDPEHRWLRGEIAAAASTAG
CP088115	CDS	595313	596293	1	exo	(?^i:\bexo[A-Z]?\b)	codon_start=1,gene=syrM,inference=COORDINATES: similar to AA sequence:RefSeq:WP_010967445.1,locus_tag=SmelRRI128_28265,note=Derived by automated computational analysis using gene prediction method: Protein Homology.,product=nod/exo genes transcriptional regulator SyrM,protein_id=UFX12625.1,transl_table=11,translation=MDQPTWKRPHRAKSTGVSDAAQQRQMPNLASIDLNLLVDLEALLQYRHITQAAQHVGRSQPAMSRALSRLRGMLKDDLLVAGSRGLVLTPLAECLTQMLPSVLDAIRQMMNLSLAPAQRRWKVTMAMPDHQAVVLLPHLLPRLHERAPHLDIVTDPLLGGALGLLEQGEIDVVVGQMGAAPLGYLRRRLYADSFTCVLRHNHPALAQEWTIEAFAALRHVAIASEPGELFGQIYDRLTKLGLQRGDPMVVSTVLTAAVLIAATDSVLVVPSRVATRVAAMLSLAVIPPPVELRPYEVALIWHERCHRDPEHRWLRGEIAAAASTAG
CP088115	gene	597088	597831	-1	nod	(?^i:\bnod[A-Z]*\b)	gene=hsnD,gene_synonym=nodH,locus_tag=SmelRRI128_28270
CP088115	CDS	597088	597831	-1	nod	(?^i:\bnod[A-Z]*\b)	codon_start=1,gene=hsnD,gene_synonym=nodH,inference=COORDINATES: similar to AA sequence:RefSeq:WP_010967447.1,locus_tag=SmelRRI128_28270,note=Derived by automated computational analysis using gene prediction method: Protein Homology.,product=host-specificity nodulation protein HsnD,protein_id=UFX12626.1,transl_table=11,translation=MTHSTLPPQPFAILAMPRTGTHYLEELVNEHPNVLSNGELLNTYDTNWPDKERLLLSDRELLERAFLRYPPQSDKKVTHVGCKINEPQFQERPSFFAELTAWPGLKVILVIRRNTLESLRSFVQARQTRQWLKFKSDSSAPPPPVMLPFATCEAYFKAADDFHARVVNAFDSSRIRLIEYERLLRDPLPCVAKALDFLGAPALQLADRGILRRQETRPLDQTVRNFHELRVHFANGPYARFFELANN
CP088115	gene	601351	601632	1	nod	(?^i:\bnod[A-Z]*\b)	gene=hsnA,gene_synonym=nodF,locus_tag=SmelRRI128_28295
CP088115	CDS	601351	601632	1	nod	(?^i:\bnod[A-Z]*\b)	codon_start=1,gene=hsnA,gene_synonym=nodF,inference=COORDINATES: similar to AA sequence:RefSeq:WP_003532819.1,locus_tag=SmelRRI128_28295,note=Derived by automated computational analysis using gene prediction method: Protein Homology.,product=host-specificity nodulation protein HsnA,protein_id=UFX12631.1,transl_table=11,translation=MVDQLESEIIGIIKNRVESEGGDGETALIVGDLTAATELTALGVDSLGLADIIWDVEQAYGIRIEMNTAEAWSDLQNVGDIVGAIRGLLTKGA
CP088115	gene	601633	602841	1	nod	(?^i:\bnod[A-Z]*\b)	gene=hsnB,gene_synonym=nodE,locus_tag=SmelRRI128_28300
CP088115	CDS	601633	602841	1	nod	(?^i:\bnod[A-Z]*\b)	codon_start=1,gene=hsnB,gene_synonym=nodE,inference=COORDINATES: similar to AA sequence:RefSeq:WP_010967448.1,locus_tag=SmelRRI128_28300,note=Derived by automated computational analysis using gene prediction method: Protein Homology.,product=host-specificity nodulation protein HsnB,protein_id=UFX12632.1,transl_table=11,translation=MDRRVVITGMGGLCGLGTDTTSIWKWMREGRSAIGPLLNTELHGMKGIVGAEIKALPDHNIDRKQLVSMDRISVLAVIAAHEAMRQAGLSCNEGNALRFGATVGVGLGGWDATEKAYRTLLVDGGTRTEIFTGVKAMPSAAACQVSMSLGLRGPVFGVTSACSSANHAIASAVDQIKCGRADVMLAGGSDAPLVWIVLKAWEAMRALAPDTCRPFSAGRKGVVLGEGAGMAVLESYEHATARGATILAEVAGVGLSADAFHITAPAVHGPESAMRACLADAGLNAEDVDYLNAHGTGTKANDQNETTAIKRVFGDHAYSMSISSTKSTHAHCIGAASALEMIACVMAIQEGVVPPTANYREPDPDCDLDVTPNVPRERKVRVAMSNAFAMGGTNAVLAFKQV
CP088115	gene	603335	604072	1	nod	(?^i:\bnod[A-Z]*\b)	gene=hsnC,gene_synonym=nodG,locus_tag=SmelRRI128_28305
CP088115	CDS	603335	604072	1	nod	(?^i:\bnod[A-Z]*\b)	codon_start=1,gene=hsnC,gene_synonym=nodG,inference=COORDINATES: similar to AA sequence:RefSeq:WP_006216615.1,locus_tag=SmelRRI128_28305,note=Derived by automated computational analysis using gene prediction method: Protein Homology.,product=host-specificity nodulation protein HsnC,protein_id=UFX12633.1,transl_table=11,translation=MFELTGRKALVTGASGAIGGAIARVLHAQGAIVGLHGTQIEKLETLATELGDRVKLFPANLANRDEVKALGQRAESDLEGVDILVNNAGITKDGLFLHMADPDWDIVLEVNLTAMFRLTREITQQMIRRRNGRIINVTSVAGAIGNPGQTNYCASKAGMIGFSKSLAQEIATRNITVNCVAPGFIESAMTDKLNHKQKEKIMVAIPIHRMGTGTEVASAVAYLASDHAAYVTGQTIHVNGGMAMI
CP088115	gene	605383	607308	1	nod	(?^i:\bnod[A-Z]*\b)	gene=nodQ,locus_tag=SmelRRI128_28315
CP088115	CDS	605383	607308	1	nod	(?^i:\bnod[A-Z]*\b)	EC_number=2.7.1.25,EC_number=2.7.7.4,codon_start=1,gene=nodQ,inference=COORDINATES: similar to AA sequence:RefSeq:WP_010967450.1,locus_tag=SmelRRI128_28315,note=Derived by automated computational analysis using gene prediction method: Protein Homology.,product=bifunctional sulfate adenylyltransferase/adenylyl-sulfate kinase NodQ,protein_id=UFX12635.1,transl_table=11,translation=MSYVQSIPPHDIEAHLAEHDNKSILRFITCGSVDDGKSTLIGRLLYDAKLVFEDQLANLGRVGSPGAANGKEIDLALLLDGLEAEREQGITIDVAYRYFATSKRKFIVADTPGHEEYTRNMVTGASTADLAIILIDSRQGILQQTRRHSYIASLLGIRHVVLAVNKIDLVDFQQQVYEEIVADYMAFAKELGFASIRPIPISARDGDNVISASANTPWYRGAALLEYLETVELDPTDQAKPFRFPVQMVMRPNADFRGYAGQISCGRISVGDPVVVAKTGQRTSVKAIVTYDGELATAGEGEAVTLVLSDEVDASRGNMLVAPGARPFVADQFQAHVIWFDANPMMPGRSYILRTETDSVSATVTTLKHQVNINSFIREAAKSLQMNEVGVCNISTQAPIAFDAYKDNRATGNFIIVDRVTNATVGAGLIDFPLRRADNVHWHALEVNKSARSAMKNQLPAVLWFTGLSGSGKSTIANELDRILHAQGKHTYLLDGDNVRHGLNRDLGFTEEDRVENIRRVAEVAKLMADAGLIVLVSFISPFRDERRMARELMEEGEFIEIFVDTPLDECARRDPKGLYEKALAGKIANFTGVSSCYEAPENPELHIRTVGHQPTDLALAIEEFLDCRIGGQMTPLQRPT
CP088115	gene	609657	610664	-1	nod	(?^i:\bnod[A-Z]*\b)	gene=nodI,locus_tag=SmelRRI128_28335
CP088115	CDS	609657	610664	-1	nod	(?^i:\bnod[A-Z]*\b)	codon_start=1,gene=nodI,inference=COORDINATES: similar to AA sequence:RefSeq:WP_020493295.1,locus_tag=SmelRRI128_28335,note=Derived by automated computational analysis using gene prediction method: Protein Homology.,product=nodulation factor ABC transporter ATP-binding protein NodI,protein_id=UFX12688.1,transl_table=11,translation=MAEEVPHRLEPSPFEWKDQTGLGVKTSIPGAIPTVAIDVANVTKSYGDKPVVNGLSFTVAAGECFGLLGPNGAGKSTITRMILGMTTPGTGEITVLGVPVPSRARLARMGIGVVPQFDNLDLEFTVRENLLVFGRFFRMSTREIEAVIPSLLEFARLENKADARVSDLSGGMKRRLTLARALINDPQLLILDEPTTGLDPHARHLIWERLRSLLARGKTILLTTHIMEEAERLCDRLCVLEAGRKIAEGRPHMLIDEKIGCQVIEIYGGDPHELSALVSPHARHIEVSGETVFCYAFDPEQVRVQLDGRAGVRFLQRPPNLEDVFLRLTGRELKD
CP088115	gene	610732	612012	-1	nod	(?^i:\bnod[A-Z]*\b)	gene=nodC,locus_tag=SmelRRI128_28340
CP088115	CDS	610732	612012	-1	nod	(?^i:\bnod[A-Z]*\b)	codon_start=1,gene=nodC,inference=COORDINATES: similar to AA sequence:RefSeq:WP_010967454.1,locus_tag=SmelRRI128_28340,note=Derived by automated computational analysis using gene prediction method: Protein Homology.,product=chitooligosaccharide synthase NodC,protein_id=UFX12637.1,transl_table=11,translation=MYLLDTTSTAAISIYALLLTAYRSMQVLHARPIDGPAVSAEPVETRPLPAVDVIVPSFNEDPGILSACLASIADQDYPGELRVYVVDDGSRNREAILRVRAFYSRDPRFSFILLPENVGKRKAQIAAIGQSSGDLVLNVDSDSTIAFDVVSKLASKMRDPEVGAVMGQLTASNPGDTWLTKLIDMEYWLACNEERAAQSRFGAVMCCCGPCAMYRRSALASLLDQYETQLFRGKLSDFGEDRHLTILMLKAGFRTEYVPNAIVATVVPDTLKSYLRQQLRWARSTFRDTFLALPLLRGLNPFLTFDVVGQNIGPLLLALSVVTGLAHFITTATVPWWTILIIASMTIIRCGVVALHARQLRFLGFVLHTPINLFLLLPLKAYALCTLSNSDWLSRYSAPEVPVSGGKPTPIQASGRVTPDCTCSGE
CP088115	gene	612027	612680	-1	nod	(?^i:\bnod[A-Z]*\b)	gene=nodB,locus_tag=SmelRRI128_28345
CP088115	CDS	612027	612680	-1	nod	(?^i:\bnod[A-Z]*\b)	codon_start=1,gene=nodB,inference=COORDINATES: similar to AA sequence:RefSeq:WP_014989982.1,locus_tag=SmelRRI128_28345,note=Derived by automated computational analysis using gene prediction method: Protein Homology.,product=chitooligosaccharide deacetylase NodB,protein_id=UFX12638.1,transl_table=11,translation=MKHLDYIHEVPSNCDYGTEDPSIYLTFDDGPNPHCTPEILDVLAEYGVPATFFVIGTYAKSQPELIRRIVAEGHEVANHTMTHPDLSTCGPHEVEREIVEASEAIIAACPQAAVRHIRAPYGVWSEEALTRSASAGLTAIHWSADPRDWSRPGANAIVDAVLASVRPGAIVLLHDGCPPDESGALTGLRDQTLMAISRMIPALHERGFAIRPLPPHH
CP088115	gene	612677	613267	-1	nod	(?^i:\bnod[A-Z]*\b)	gene=nodA,locus_tag=SmelRRI128_28350
CP088115	CDS	612677	613267	-1	nod	(?^i:\bnod[A-Z]*\b)	codon_start=1,gene=nodA,inference=COORDINATES: similar to AA sequence:RefSeq:WP_010967455.1,locus_tag=SmelRRI128_28350,note=Derived by automated computational analysis using gene prediction method: Protein Homology.,product=nodulation N-acyltransferase NodA,protein_id=UFX12639.1,transl_table=11,translation=MSLKVQWKLCWENQLERADHEELSEFFRKSYGPTGAFHAKPFEGGRSWAGARPERRAIAYDSVGIASHMGVLRRFIKVGETDLLVAELGLYAVRPDLERMGIAHSVGALTPTLRELGVPFAFGTVRHAMRNHVERYCQNGMASILTGVRVRSSIAEVNPDLPSTRTEEPLVVIFPVGRPLNEWPPGTLIERNGSEL
CP088115	gene	616893	617378	-1	nod	(?^i:\bnod[A-Z]*\b)	gene=nodN,locus_tag=SmelRRI128_28365
CP088115	CDS	616893	617378	-1	nod	(?^i:\bnod[A-Z]*\b)	codon_start=1,gene=nodN,inference=COORDINATES: similar to AA sequence:RefSeq:WP_010967459.1,locus_tag=SmelRRI128_28365,note=Derived by automated computational analysis using gene prediction method: Protein Homology.,product=nodulation protein NodN,protein_id=UFX12642.1,transl_table=11,translation=MHEISLSDVSSLVGQELGTSKWITIDQAMINLFADATHDHQFIHVDPNRAAAESPFGGTIAHGFLTLALLSVMNFSGMPKFREQTMGINYGFDRVRFISPVRTGSRVHGRFVLSDCRLRRASILMTAYNVTVEIENENKPALTANWIAIAQFNPKDRPKAG
CP088115	CDS	617385	620582	-1	nod	(?^i:\bnod[A-Z]*\b)	codon_start=1,gene=nolG,inference=COORDINATES: similar to AA sequence:RefSeq:WP_010967460.1,locus_tag=SmelRRI128_28370,note=Derived by automated computational analysis using gene prediction method: Protein Homology.,product=nodulation protein NolG,protein_id=UFX12643.1,transl_table=11,translation=MFLTRISINHPVFATMMMVMILVLGLFSYGRLGVDHYPETDLPVVVVATTYTGASPESVESEISRPIEAALNTIGGIDTITSESYEGRSIVVVQFEVDVDSQDAAQEVRDRVARLETKFPDGVATPQVTRYKPEGQAILSVAVSSTSRTLPEITTLATRVINNRLSVISGVGQVSLIGSSERQVLVVVDPDRLGAYGLAVSTVIEAIRGENQDRAAGTLISGINQRIVTVEGRIANTSGFNRIIVAQRNGYPVYLSEVATILDTGAEVTSLANYQGQTTLGLHIVKVQGANTVEVASAVRREVSALNAELTKDNVQLTITRDNSRPIASQVSQVQRTLVEGGVLSVLIVFIFLNSWRSTVITGLTLPISVIGTFAAIYALGFTLNIMTLMALSLSIGILIDDAIVVRENITRHLQMGKDPVRAALDGTNEIGLAVLSTTLCIVAVFLPVAFMGGLIGRFFLQFGVTVAVAVVISLFVSFTLDPMLSSVWCDPQSQKTAKRGFFGQLIERFDQWFEGLASRYRSVIYFTFDYRKTTIAIVLGMFVVSLLLVPRIGTEFLPPPDQGEVSISLEANEGASLDYMAAKVGQIERALREFNYVSSTYSTINSGEMRGFNKALVAVQLVHSSQRRLKTAETLGPIRRRLSRIAGLEISVGQRSEVVGSIKPLQLSILGDGDEELRRISDHITSVLAAIPGATEIESSIEKLRPTLAVRVRREAASDLGVSIATIGDTLRSLVAGDAISVWNSPDGETHDVVVRLPAAGRENAAQLRNLPIATARMDDNGKPIMVLLDQVADVVESTAPAQITRKDLSRDIRISSNIEGRTLGDVVADLKAAMTKMDIPVGFRISFGGDAENLTESTAYALQSLAMAVIFIYIILASQFGSFIQPIAIIMTMPLSLMGVLLGLLFTGSTLNMFSMIGIMMLMGLVTKNAILLVDYSNLGVREGKSLRQSLADAGAVRLRPIVMTTLAMIFGMLPTALGLGEGGAQRAPMAHAIIGGLISSTLLSLVFVPVVLTYLDAFAGRVRRWVPSPTGSNASAQHDGSDKTKTPACALTSQDQLGTTIM
CP088115	CDS	620586	621689	-1	nod	(?^i:\bnod[A-Z]*\b)	codon_start=1,gene=nolF,inference=COORDINATES: similar to AA sequence:RefSeq:WP_010967461.1,locus_tag=SmelRRI128_28375,note=Derived by automated computational analysis using gene prediction method: Protein Homology.,product=nodulation protein NolF,protein_id=UFX12644.1,transl_table=11,translation=MTISAQCNLQKLAFATTLAVAIVLSQGRAIGQVKHGSPIELAKADVSTAVRQDMANEVRIVGSLTPIRRSTLTSRVSSTIIELPVQIGDVVNAGDLLVRFERGALESAVTGRKAEADALSAQTELAEAVLERNTRLGERGAASEATRLAALADVLDLRAQLRSKQAEVSDAERSLSHAEVRAEFGGVIAARSVEEGQTVPLNTQLMTIVELNRLEVDAGVPTSRIPLIRLKQSVELTVEGFPGRTFSGEVARISPTADAGSRAVRVFIAVDNEEGLLRGGMFTIGDLRVDDQKDVIALPAASIRHDADGFFVLKVEAGVLQRRPVGLGRSWSDRDLVQVSGVSEGDVIVTAPLPDLVVNTPVIIEGI
